{
  "b": 209,
  "disableInputWhenNotFocused": true,
  "mangledName": "Untitled_32scene",
  "name": "Untitled scene",
  "r": 209,
  "standardSortMethod": true,
  "stopSoundsOnStartup": true,
  "title": "",
  "v": 209,
  "uiSettings": {
    "grid": true,
    "gridType": "rectangular",
    "gridWidth": 32,
    "gridHeight": 32,
    "gridOffsetX": 0,
    "gridOffsetY": 0,
    "gridColor": 10401023,
    "gridAlpha": 0.8,
    "snap": true,
    "zoomFactor": 0.5653158055126479,
    "windowMask": false
  },
  "objectsGroups": [],
  "variables": [],
  "instances": [
    {
      "angle": 0,
      "customSize": false,
      "height": 0,
      "layer": "",
      "name": "flooring",
      "persistentUuid": "e5c83520-bd5e-41c2-ba74-520fb80eb1a4",
      "width": 0,
      "x": 160,
      "y": 224,
      "zOrder": 1,
      "numberProperties": [],
      "stringProperties": [],
      "initialVariables": []
    },
    {
      "angle": 0,
      "customSize": false,
      "height": 0,
      "layer": "",
      "name": "flooring",
      "persistentUuid": "1cee0c73-9343-4fd3-b737-e7a423ede87b",
      "width": 0,
      "x": 416,
      "y": 224,
      "zOrder": 2,
      "numberProperties": [],
      "stringProperties": [],
      "initialVariables": []
    },
    {
      "angle": 0,
      "customSize": false,
      "height": 0,
      "layer": "",
      "name": "flooring",
      "persistentUuid": "f9dacc9e-801f-41c4-9735-4ec573dbd1fd",
      "width": 0,
      "x": 160,
      "y": 352,
      "zOrder": 3,
      "numberProperties": [],
      "stringProperties": [],
      "initialVariables": []
    },
    {
      "angle": 0,
      "customSize": false,
      "height": 0,
      "layer": "",
      "name": "flooring",
      "persistentUuid": "91e7471a-45fb-4d6e-a7bf-5d4eeac72240",
      "width": 0,
      "x": 416,
      "y": 352,
      "zOrder": 4,
      "numberProperties": [],
      "stringProperties": [],
      "initialVariables": []
    },
    {
      "angle": 0,
      "customSize": false,
      "height": 0,
      "layer": "",
      "name": "flooring",
      "persistentUuid": "996c5656-986e-42fe-b3d4-f58338cd4b2f",
      "width": 0,
      "x": 672,
      "y": 224,
      "zOrder": 5,
      "numberProperties": [],
      "stringProperties": [],
      "initialVariables": []
    },
    {
      "angle": 0,
      "customSize": false,
      "height": 0,
      "layer": "",
      "name": "flooring",
      "persistentUuid": "a2bd0ed9-7fbb-4a6d-a500-c713ad3f56f9",
      "width": 0,
      "x": 672,
      "y": 352,
      "zOrder": 6,
      "numberProperties": [],
      "stringProperties": [],
      "initialVariables": []
    },
    {
      "angle": 0,
      "customSize": false,
      "height": 0,
      "layer": "",
      "name": "flooring",
      "persistentUuid": "93846450-6281-4b99-b3c0-53c1263b0761",
      "width": 0,
      "x": 160,
      "y": 480,
      "zOrder": 7,
      "numberProperties": [],
      "stringProperties": [],
      "initialVariables": []
    },
    {
      "angle": 0,
      "customSize": false,
      "height": 0,
      "layer": "",
      "name": "flooring",
      "persistentUuid": "a387c21a-f746-4ae3-8d73-5d80f6768ac8",
      "width": 0,
      "x": 416,
      "y": 480,
      "zOrder": 8,
      "numberProperties": [],
      "stringProperties": [],
      "initialVariables": []
    },
    {
      "angle": 0,
      "customSize": false,
      "height": 0,
      "layer": "",
      "name": "flooring",
      "persistentUuid": "a89c6cfe-be5d-4792-80c5-0253b621f264",
      "width": 0,
      "x": 672,
      "y": 480,
      "zOrder": 9,
      "numberProperties": [],
      "stringProperties": [],
      "initialVariables": []
    },
    {
      "angle": 0,
      "customSize": false,
      "height": 0,
      "layer": "",
      "name": "flooring",
      "persistentUuid": "ef94d52e-7890-4f66-b051-6e53c7729f2f",
      "width": 0,
      "x": 928,
      "y": 224,
      "zOrder": 10,
      "numberProperties": [],
      "stringProperties": [],
      "initialVariables": []
    },
    {
      "angle": 0,
      "customSize": false,
      "height": 0,
      "layer": "",
      "name": "flooring",
      "persistentUuid": "90b4c4da-f84b-4736-aa31-52923aae9bb4",
      "width": 0,
      "x": 928,
      "y": 352,
      "zOrder": 11,
      "numberProperties": [],
      "stringProperties": [],
      "initialVariables": []
    },
    {
      "angle": 0,
      "customSize": false,
      "height": 0,
      "layer": "",
      "name": "flooring",
      "persistentUuid": "3ca371c4-db48-45f4-9f8e-e0c36e583491",
      "width": 0,
      "x": 928,
      "y": 480,
      "zOrder": 12,
      "numberProperties": [],
      "stringProperties": [],
      "initialVariables": []
    },
    {
      "angle": 0,
      "customSize": false,
      "height": 0,
      "layer": "",
      "name": "border",
      "persistentUuid": "e6adc448-58dd-4235-89ce-960f747e92a6",
      "width": 0,
      "x": 32,
      "y": 224,
      "zOrder": 17,
      "numberProperties": [],
      "stringProperties": [],
      "initialVariables": []
    },
    {
      "angle": 0,
      "customSize": false,
      "height": 0,
      "layer": "",
      "name": "border",
      "persistentUuid": "d30fe9ec-ae5d-4137-a75f-f11a23290917",
      "width": 0,
      "x": 32,
      "y": 352,
      "zOrder": 18,
      "numberProperties": [],
      "stringProperties": [],
      "initialVariables": []
    },
    {
      "angle": 180,
      "customSize": false,
      "height": 0,
      "layer": "",
      "name": "border",
      "persistentUuid": "5a398491-6cb1-4af6-93e7-be66fb3be68d",
      "width": 0,
      "x": 1184,
      "y": 224,
      "zOrder": 20,
      "numberProperties": [],
      "stringProperties": [],
      "initialVariables": []
    },
    {
      "angle": 180,
      "customSize": false,
      "height": 0,
      "layer": "",
      "name": "border",
      "persistentUuid": "6a46d2be-e408-45ee-a44a-30322e5174a4",
      "width": 0,
      "x": 1184,
      "y": 352,
      "zOrder": 20,
      "numberProperties": [],
      "stringProperties": [],
      "initialVariables": []
    },
    {
      "angle": 180,
      "customSize": false,
      "height": 0,
      "layer": "",
      "name": "border",
      "persistentUuid": "f05a2b59-da60-446c-a4a4-562765a8e9d0",
      "width": 0,
      "x": 1184,
      "y": 480,
      "zOrder": 20,
      "numberProperties": [],
      "stringProperties": [],
      "initialVariables": []
    },
    {
      "angle": 270,
      "customSize": false,
      "height": 0,
      "layer": "",
      "name": "border",
      "persistentUuid": "3b4ad764-fb92-4c90-816b-df3f837a5e67",
      "width": 0,
      "x": 160,
      "y": 608,
      "zOrder": 21,
      "numberProperties": [],
      "stringProperties": [],
      "initialVariables": []
    },
    {
      "angle": 270,
      "customSize": false,
      "height": 0,
      "layer": "",
      "name": "border",
      "persistentUuid": "9bcaca56-2e22-4f6c-adc1-ec78a82e8d9c",
      "width": 0,
      "x": 288,
      "y": 608,
      "zOrder": 21,
      "numberProperties": [],
      "stringProperties": [],
      "initialVariables": []
    },
    {
      "angle": 270,
      "customSize": false,
      "height": 0,
      "layer": "",
      "name": "border",
      "persistentUuid": "ed24e91c-5df8-4217-a77b-ac53e6ec197e",
      "width": 0,
      "x": 416,
      "y": 608,
      "zOrder": 21,
      "numberProperties": [],
      "stringProperties": [],
      "initialVariables": []
    },
    {
      "angle": 270,
      "customSize": false,
      "height": 0,
      "layer": "",
      "name": "border",
      "persistentUuid": "6e685fc7-4b8d-4200-8b4d-842bb6db14a7",
      "width": 0,
      "x": 544,
      "y": 608,
      "zOrder": 21,
      "numberProperties": [],
      "stringProperties": [],
      "initialVariables": []
    },
    {
      "angle": 270,
      "customSize": false,
      "height": 0,
      "layer": "",
      "name": "border",
      "persistentUuid": "cbd4f5e8-cf98-46c0-81b0-13945f13683a",
      "width": 0,
      "x": 928,
      "y": 608,
      "zOrder": 21,
      "numberProperties": [],
      "stringProperties": [],
      "initialVariables": []
    },
    {
      "angle": 270,
      "customSize": false,
      "height": 0,
      "layer": "",
      "name": "border",
      "persistentUuid": "8e8e1ae2-72a5-4ec8-824b-6090ba8defc5",
      "width": 0,
      "x": 1056,
      "y": 608,
      "zOrder": 21,
      "numberProperties": [],
      "stringProperties": [],
      "initialVariables": []
    },
    {
      "angle": 270,
      "customSize": false,
      "height": 0,
      "layer": "",
      "name": "border",
      "persistentUuid": "af8aaf9d-8005-4259-b85b-187b7745454d",
      "width": 0,
      "x": 800,
      "y": 608,
      "zOrder": 21,
      "numberProperties": [],
      "stringProperties": [],
      "initialVariables": []
    },
    {
      "angle": 270,
      "customSize": false,
      "height": 0,
      "layer": "",
      "name": "border",
      "persistentUuid": "1427d5f7-1366-4a7e-8514-46e5858c2580",
      "width": 0,
      "x": 672,
      "y": 608,
      "zOrder": 21,
      "numberProperties": [],
      "stringProperties": [],
      "initialVariables": []
    },
    {
      "angle": 90,
      "customSize": false,
      "height": 0,
      "layer": "",
      "name": "border",
      "persistentUuid": "3ade0d79-9cc6-475a-9f0b-106d311dbd0f",
      "width": 0,
      "x": 800,
      "y": -64,
      "zOrder": 21,
      "numberProperties": [],
      "stringProperties": [],
      "initialVariables": []
    },
    {
      "angle": 90,
      "customSize": false,
      "height": 0,
      "layer": "",
      "name": "border",
      "persistentUuid": "13fc3ebe-89b2-47ac-8c04-e2e7b0ca72e3",
      "width": 0,
      "x": 672,
      "y": -64,
      "zOrder": 21,
      "numberProperties": [],
      "stringProperties": [],
      "initialVariables": []
    },
    {
      "angle": 90,
      "customSize": false,
      "height": 0,
      "layer": "",
      "name": "border",
      "persistentUuid": "a25b6e29-376f-46e7-a583-695a83881c06",
      "width": 0,
      "x": 928,
      "y": -64,
      "zOrder": 21,
      "numberProperties": [],
      "stringProperties": [],
      "initialVariables": []
    },
    {
      "angle": 90,
      "customSize": false,
      "height": 0,
      "layer": "",
      "name": "border",
      "persistentUuid": "697af02c-f95e-4ac9-abf4-0b1509303bad",
      "width": 0,
      "x": 1056,
      "y": -64,
      "zOrder": 21,
      "numberProperties": [],
      "stringProperties": [],
      "initialVariables": []
    },
    {
      "angle": 90,
      "customSize": false,
      "height": 0,
      "layer": "",
      "name": "border",
      "persistentUuid": "f65163b5-0be5-4973-ace7-62610af5293c",
      "width": 0,
      "x": 288,
      "y": -64,
      "zOrder": 21,
      "numberProperties": [],
      "stringProperties": [],
      "initialVariables": []
    },
    {
      "angle": 90,
      "customSize": false,
      "height": 0,
      "layer": "",
      "name": "border",
      "persistentUuid": "3abde776-1bfb-4889-9b9b-90dfd4f37064",
      "width": 0,
      "x": 160,
      "y": -64,
      "zOrder": 21,
      "numberProperties": [],
      "stringProperties": [],
      "initialVariables": []
    },
    {
      "angle": 90,
      "customSize": false,
      "height": 0,
      "layer": "",
      "name": "border",
      "persistentUuid": "bf3ea1ea-ac10-4179-bc5c-33de8606b867",
      "width": 0,
      "x": 416,
      "y": -64,
      "zOrder": 21,
      "numberProperties": [],
      "stringProperties": [],
      "initialVariables": []
    },
    {
      "angle": 90,
      "customSize": false,
      "height": 0,
      "layer": "",
      "name": "border",
      "persistentUuid": "03f8d7fb-65c1-41ce-b378-bed7e83a6f93",
      "width": 0,
      "x": 544,
      "y": -64,
      "zOrder": 21,
      "numberProperties": [],
      "stringProperties": [],
      "initialVariables": []
    },
    {
      "angle": 0,
      "customSize": true,
      "depth": 1,
      "height": 160,
      "layer": "",
      "name": "border",
      "persistentUuid": "be2843d4-7a0b-49f0-95fd-c5d6b6352f95",
      "width": 128,
      "x": 32,
      "y": 64,
      "zOrder": 17,
      "numberProperties": [],
      "stringProperties": [],
      "initialVariables": []
    },
    {
      "angle": 180,
      "customSize": true,
      "depth": 1,
      "height": 160,
      "layer": "",
      "name": "border",
      "persistentUuid": "85e17891-cde2-4b95-9189-b5f289b2bbb3",
      "width": 128,
      "x": 1184,
      "y": 64,
      "zOrder": 20,
      "numberProperties": [],
      "stringProperties": [],
      "initialVariables": []
    }
  ],
  "objects": [
    {
      "assetStoreId": "",
      "height": 128,
      "name": "flooring",
      "texture": "New image7",
      "type": "TiledSpriteObject::TiledSprite",
      "width": 256,
      "variables": [],
      "effects": [],
      "behaviors": []
    },
    {
      "assetStoreId": "",
      "height": 128,
      "name": "border",
      "texture": "New image5",
      "type": "TiledSpriteObject::TiledSprite",
      "width": 128,
      "variables": [],
      "effects": [],
      "behaviors": []
    }
  ],
  "objectsFolderStructure": {
    "folderName": "__ROOT",
    "children": [
      {
        "objectName": "flooring"
      },
      {
        "objectName": "border"
      }
    ]
  },
  "events": [
    {
      "type": "BuiltinCommonInstructions::Standard",
      "conditions": [
        {
          "type": {
            "value": "DepartScene"
          },
          "parameters": [
            ""
          ]
        }
      ],
      "actions": [
        {
          "type": {
            "value": "PlayerAuthentication::DisplayAuthenticationBanner"
          },
          "parameters": [
            ""
          ]
        }
      ]
    }
  ],
  "layers": [
    {
      "ambientLightColorB": 0,
      "ambientLightColorG": 8042920,
      "ambientLightColorR": 16,
      "camera3DFarPlaneDistance": 10000,
      "camera3DFieldOfView": 45,
      "camera3DNearPlaneDistance": 0.1,
      "followBaseLayerCamera": false,
      "isLightingLayer": false,
      "isLocked": false,
      "name": "",
      "renderingType": "",
      "visibility": true,
      "cameras": [
        {
          "defaultSize": true,
          "defaultViewport": true,
          "height": 0,
          "viewportBottom": 1,
          "viewportLeft": 0,
          "viewportRight": 1,
          "viewportTop": 0,
          "width": 0
        }
      ],
      "effects": []
    }
  ],
  "behaviorsSharedData": [
    {
      "name": "Effect",
      "type": "EffectCapability::EffectBehavior"
    },
    {
      "name": "Opacity",
      "type": "OpacityCapability::OpacityBehavior"
    },
    {
      "name": "Resizable",
      "type": "ResizableCapability::ResizableBehavior"
    }
  ]
}